original_id,num_rois
10000,3
10004,3
10006,3
10007,3
10009,3
10010,1
10011,4
10012,3
10014,3
10015,3
10016,3
10017,4
10019,3
10020,5
10021,3
10022,2
10023,3
10024,2
10025,3
10026,1
10029,3
10031,4
10033,1
10035,1
10037,3
10039,2
10040,3
10041,2
10042,3
10044,5
10045,2
10046,3
10048,5
10049,1
10051,3
10054,3
10055,1
10056,3
10057,4
10058,4
10061,3
10064,6
10067,1
10070,3
10073,4
10074,1
10075,3
10076,3
10077,1
10078,1
10080,1
10081,3
10083,3
10087,4
10088,3
10091,6
10093,1
10094,3
10095,3
10096,1
10097,3
10102,3
10103,3
10104,4
10105,2
10107,1
10108,2
10109,4
10110,3
10111,2
10112,3
10113,6
10114,3
10115,3
10116,1
10117,5
10118,1
10120,3
10123,3
10125,2
10128,3
10130,3
10134,3
10136,4
10137,3
10138,3
10139,3
10140,3
10141,1
10144,3
10145,2
10146,4
10148,4
10149,3
10150,1
10151,3
10152,3
10155,3
10156,3
10157,3
10158,3
10159,4
10160,3
10161,3
10163,3
10164,3
10165,2
10166,4
10169,4
10170,3
10171,3
10174,2
10176,3
10177,1
10180,3
10181,3
10182,3
10183,3
10184,3
10185,3
10187,3
10188,3
10190,4
10192,4
10195,3
10196,2
10197,3
10199,3
10200,2
10201,3
10202,1
10204,4
10207,1
10208,3
10209,3
10210,4
10211,3
10212,3
10216,3
10222,2
10223,3
10224,1
10226,1
10227,2
10228,2
10229,4
10230,4
10231,2
10232,2
10233,5
10234,2
10235,3
10236,3
10238,2
10239,3
10244,2
10246,4
10248,3
10249,4
10250,2
10251,3
10253,3
10254,3
10257,3
10258,3
10259,2
10261,2
10262,2
10264,2
10265,3
10266,3
10267,3
10270,2
10271,1
10272,3
10273,3
10275,3
10276,2
10279,3
10280,2
10281,3
10282,3
10284,1
10285,3
10286,3
10288,4
10290,1
10291,3
10292,2
10294,2
10296,3
10298,2
10302,2
10306,4
10309,3
10310,2
10311,3
10312,2
10315,2
10318,3
10319,1
10320,3
10321,4
10322,3
10323,3
10324,2
10326,2
10327,4
10328,2
10329,3
10330,3
10331,3
10332,1
10333,2
10334,3
10335,4
10337,4
10339,2
10340,4
10341,1
10342,3
10343,2
10345,4
10347,1
10348,3
10351,3
10352,2
10356,3
10358,3
10361,4
10362,1
10363,2
10364,3
10367,3
10368,1
10369,5
10370,3
10371,1
10373,3
10374,4
10376,4
10378,4
10379,3
10382,3
10384,3
10386,3
10387,3
10390,1
10391,2
10392,2
10393,2
10394,3
10395,2
10396,3
10397,4
10398,2
10399,1
10400,3
10402,3
10403,3
10406,3
10408,2
10410,4
10411,2
10412,3
10413,3
10419,3
10420,3
10421,3
10422,3
10423,3
10425,1
10426,3
10427,2
10429,3
10430,4
10431,2
10433,2
10435,4
10436,3
10437,3
10438,2
10440,1
10441,4
10442,4
10447,3
10450,1
10451,4
10452,3
10453,3
10454,3
10455,4
10457,3
10458,3
10459,4
10460,1
10462,4
10463,3
10464,4
10465,3
10469,4
10470,4
10471,4
10472,3
10475,2
10476,2
10478,3
10479,3
10481,3
10482,3
10483,3
10484,3
10485,1
10486,3
10487,1
10488,3
10489,3
10490,2
10492,4
10493,3
10495,3
10496,3
10499,3
10500,3
10501,3
10503,4
10504,3
10506,3
10508,3
10509,3
10513,3
10514,4
10517,3
10520,1
10521,3
10522,3
10524,3
10526,3
10527,2
10528,4
10529,2
10530,3
10532,3
10533,3
10535,2
10536,2
10537,2
10538,3
10539,3
10542,1
10545,4
10547,3
10548,3
10550,3
10551,2
10552,2
10556,4
10558,2
10559,3
10561,3
10562,1
10563,3
10564,1
10567,3
10568,3
10570,3
10571,3
10572,2
10573,1
10575,2
10576,2
10578,1
10579,3
10580,3
10583,2
10585,3
10586,3
10588,1
10591,1
10595,2
10597,4
10598,3
10599,1
10602,3
10603,4
10604,2
10605,4
10606,2
10607,2
10608,3
10609,3
10610,3
10612,1
10613,3
10614,4
10615,1
10619,2
10623,3
10624,3
10626,3
10628,2
10629,3
10631,3
10635,3
10637,4
10638,3
10639,3
10641,2
10642,3
10643,1
10644,2
10645,1
10646,1
10648,4
10654,1
10655,2
10657,3
10658,3
10659,2
10660,4
10662,4
10663,3
10664,3
10665,4
10666,1
10668,3
10670,3
10671,3
10673,4
10674,4
10675,4
10676,3
10679,2
10681,3
10682,4
10683,4
10684,4
10687,4
10688,2
10690,3
10691,4
10692,4
10694,4
10698,3
10701,2
10702,1
10704,3
10705,3
10706,3
10709,4
10710,3
10713,1
10714,3
10716,3
10717,3
10718,4
10719,2
10721,3
10722,4
10726,2
10727,3
10728,2
10729,3
10731,4
10732,3
10733,4
10734,4
10735,3
10738,3
10739,2
10740,4
10741,3
10742,4
10743,3
10745,2
10747,3
10748,4
10750,5
10751,3
10753,3
10754,2
10755,2
10758,1
10759,3
10760,2
10762,3
10763,4
10764,5
10765,2
10766,3
10769,2
10771,4
10773,3
10774,3
10775,3
10776,3
10777,3
10779,4
10780,4
10781,3
10782,2
10783,1
10784,4
10785,4
10786,1
10791,4
10793,3
10794,3
10796,3
10797,3
10798,1
10799,3
10800,4
10803,5
10806,3
10807,2
10810,4
10812,3
10813,3
10814,1
10816,3
10818,3
10821,3
10823,2
10824,2
10827,3
10828,3
10830,3
10834,3
10836,3
10837,3
10838,3
10839,1
10843,4
10845,3
10846,3
10847,3
10848,1
10850,3
10854,4
10855,3
10856,4
10858,4
10859,3
10862,3
10863,3
10864,3
10867,2
10869,4
10870,3
10871,2
10872,5
10874,3
10876,4
10877,3
10878,3
10879,3
10880,3
10881,4
10883,3
10884,3
10886,3
10887,3
10888,3
10889,3
10890,3
10891,3
10892,4
10893,2
10894,3
10897,3
10898,3
10900,4
10903,3
10904,4
10905,4
10906,2
10907,1
10908,3
10909,2
10911,3
10912,3
10913,4
10914,3
10915,4
10916,4
10918,4
10919,3
10920,1
10922,2
10925,3
10929,2
10930,2
10931,3
10933,3
10936,2
10937,1
10942,3
10944,3
10945,3
10946,2
10947,3
10949,3
10950,2
10951,2
10952,2
10953,3
10955,3
10956,2
10957,4
10961,3
10962,3
10963,3
10964,3
10965,3
10967,4
10968,3
10971,2
10974,2
10976,3
10978,1
10979,4
10980,4
10981,3
10986,3
10987,3
10988,1
10989,3
10993,3
10995,3
10996,3
10999,3
11001,3
11002,4
11003,2
11004,3
11005,3
11006,3
11008,2
11010,3
11011,1
11014,2
11015,3
11016,4
11018,4
11019,2
11021,2
11024,3
11025,3
11027,2
11029,1
11032,3
11033,3
11034,4
11035,2
11044,4
11045,3
11046,3
11048,3
11049,2
11050,1
11051,3
11052,3
11053,3
11055,1
11056,3
11057,3
11058,2
11060,3
11061,3
11062,3
11063,3
11064,3
11070,3
11072,3
11075,1
11077,3
11080,2
11081,2
11082,3
11084,3
11086,3
11089,4
11092,3
11093,3
11094,4
11095,3
11096,3
11097,4
11098,3
11100,2
11101,3
11102,3
11103,1
11104,4
11105,3
11106,1
11108,4
11110,3
11111,2
11112,2
11114,2
11115,1
11116,3
11117,3
11121,4
11123,3
11126,2
11127,2
11128,5
11129,3
11132,3
11133,2
11134,2
11135,3
11137,3
11138,2
11141,3
11142,1
11143,5
11144,4
11147,3
11148,3
11151,2
11154,2
11155,3
11157,3
11159,3
11160,3
11164,3
11165,3
11167,3
11168,5
11169,3
11170,4
11172,2
11174,3
11175,1
11176,2
11177,3
11180,3
11181,3
11182,2
11184,3
11185,1
11186,4
11189,1
11190,3
11191,3
11192,2
11194,3
11195,3
11196,3
11199,4
11200,3
11201,4
11204,3
11206,4
11207,3
11208,1
11209,3
11212,3
11213,3
11214,4
11215,3
11216,1
11217,2
11219,3
11220,2
11222,4
11225,3
11226,3
11227,3
11229,4
11230,2
11231,3
11232,2
11233,3
11235,1
11237,1
11241,3
11243,4
11244,3
11245,3
11247,1
11250,2
11252,3
11253,3
11254,3
11255,2
11256,1
11259,1
11261,1
11263,1
11264,1
11267,2
11268,2
11269,4
11276,2
11277,3
11279,3
11281,4
11283,3
11285,5
11287,2
11291,3
11292,4
11294,2
11295,4
11298,3
11300,4
11301,4
11302,4
11303,3
11304,3
11306,1
11308,3
11309,4
11311,3
11313,3
11314,4
11315,3
11316,2
11318,3
11319,2
11320,3
11322,3
11323,4
11324,2
11327,2
11328,1
11329,3
11330,3
11331,2
11332,3
11334,3
11336,1
11340,2
11342,3
11343,3
11344,3
11347,2
11348,2
11352,2
11353,3
11355,1
11360,3
11362,3
11363,2
11365,4
11366,4
11367,3
11369,3
11371,3
11372,3
11373,3
11374,3
11375,4
11377,5
11378,3
11379,4
11381,3
11382,4
11383,1
11385,3
11386,3
11388,2
11389,2
11390,3
11393,3
11394,4
11395,3
11396,1
11397,3
11400,3
11401,3
11402,3
11406,2
11407,2
11409,3
11410,3
11413,3
11416,1
11417,2
11418,2
11419,2
11423,3
11426,3
11428,1
11431,3
11432,3
11436,2
11437,3
11439,3
11441,2
11442,3
11443,1
11445,4
11446,3
11449,3
11450,4
11451,3
11454,3
11455,3
11456,3
11459,3
11462,2
11464,3
11465,3
11466,3
11469,3
11470,3
11471,1
11474,3
11476,3
11478,2
11479,2
11480,3
11481,3
11483,1
11484,3
11485,3
11486,4
11487,2
11490,1
11492,4
11494,4
11496,3
11498,2
11502,4
11503,3
11504,4
11505,3
11507,2
11510,3
11512,3
11513,1
11514,3
11516,3
11519,3
11521,3
11523,3
11524,3
11525,1
11526,4
11528,3
11530,3
11532,3
11533,4
11534,3
11537,2
11538,1
11539,3
11542,1
11543,3
11545,3
11548,2
11550,3
11552,3
11554,3
11556,2
11558,2
11560,3
11561,3
11565,3
11567,1
11568,4
11569,3
11571,4
11574,3
11575,2
11578,3
11581,3
11582,3
11583,3
11584,5
11585,3
11587,3
11588,3
11589,3
11590,4
11591,3
11594,4
11595,3
11596,3
11597,4
11601,2
11602,5
11605,2
11606,4
11607,1
11609,3
11610,3
11611,3
11614,3
11616,3
11618,2
11619,2
11620,2
11621,2
11622,4
11623,3
11626,2
11627,3
11628,3
11629,3
11633,4
11634,5
11635,2
11636,3
11637,3
11638,5
11639,3
11641,4
11643,3
11644,2
11645,1
11646,3
11647,5
11648,4
11649,5
11652,1
11653,2
11654,4
11655,2
11656,3
11658,3
11661,2
11664,3
11665,3
11666,4
11668,4
11670,3
11671,3
11672,3
11673,4
11674,3
11675,1
11676,2
11677,2
11678,2
11683,3
11685,4
11686,4
11689,3
11690,4
11691,3
11693,2
11695,4
11696,2
11697,3
11698,2
11699,3
11700,3
11701,3
11703,3
11704,3
11707,4
11708,3
11709,3
11710,1
11712,3
11714,3
11715,4
11716,4
11718,4
11719,3
11721,3
11724,3
11725,2
11727,1
11728,3
11729,3
11732,4
11733,3
11734,4
11735,3
11736,3
11737,2
11738,3
11740,3
11742,3
11743,2
11744,2
11747,3
11748,4
11749,3
11751,3
11753,2
11755,3
11756,3
11760,3
11761,4
11763,3
11764,3
11768,3
11769,1
11770,3
11771,3
11772,4
11775,2
11776,3
11777,3
11779,1
11781,3
11782,2
11784,5
11785,4
11786,3
11788,4
11789,3
11790,2
11791,5
11794,4
11797,1
11798,3
11799,2
11800,4
11801,3
11802,2
11803,3
11804,3
11805,3
11807,3
11808,3
11809,3
11810,4
11812,2
11814,4
11815,5
11817,3
11818,3
11819,3
11820,4
11824,2
11825,4
11826,4
11827,4
11828,2
11832,2
11833,4
11837,1
11838,3
11840,6
11841,4
11843,2
11844,4
11845,2
11847,3
11848,3
11857,2
11858,3
11864,2
11865,4
11866,4
11867,4
11868,3
11872,3
11873,2
11875,2
11876,1
11882,1
11883,3
11885,4
11887,4
11888,4
11889,3
11890,2
11893,3
11894,4
11896,3
11898,2
11899,3
11900,1
11901,3
11902,2
11905,3
11906,3
11908,3
11910,2
11912,3
11913,1
11914,1
11915,2
11918,3
11922,3
11923,1
11925,4
11927,2
11928,3
11929,1
11931,4
11932,5
11933,1
11934,3
11935,3
11936,4
11937,3
11939,3
11940,3
11941,3
11944,2
11945,3
11946,3
11947,2
11951,1
11953,2
11956,1
11957,3
11958,3
11960,3
11962,3
11964,3
11966,4
11968,2
11969,3
11971,3
11974,3
11978,3
11979,2
11980,4
11981,3
11982,3
11983,3
11984,1
11986,2
11989,3
11990,6
11991,2
11992,2
11993,4
11995,2
11996,3
11997,3
11999,3
12000,4
12001,3
12004,1
12005,4
12006,1
12007,3
12008,2
12009,3
12010,3
12011,1
12012,1
12014,3
12016,3
12017,2
12019,2
12020,1
12024,2
12025,5
12029,2
12030,2
12031,6
12032,3
12033,4
12034,1
12038,3
12039,3
12040,2
12041,3
12042,3
12043,3
12044,1
12045,1
12046,1
12048,3
12049,3
12050,1
12051,3
12052,1
12053,4
12054,5
12056,3
12057,3
12058,3
12059,5
12060,3
12061,3
12062,3
12063,3
12064,3
12067,3
12072,4
12073,3
12079,3
12081,2
12082,3
12084,2
12085,2
12087,1
12088,2
12089,3
12090,3
12091,3
12094,1
12097,1
12100,1
12101,2
12102,1
12103,2
12105,3
12106,2
12107,2
12109,4
12111,3
12115,1
12116,2
12119,5
12121,3
12125,3
12126,3
12129,2
12131,3
12133,3
12137,3
12138,3
12139,3
12140,3
12141,2
12143,3
12150,1
12151,3
12153,3
12154,2
12155,3
12157,3
12158,3
12159,3
12160,4
12162,2
12163,3
12164,2
12166,3
12168,1
12169,3
12170,3
12171,3
12172,3
12173,3
12174,2
12175,4
12176,4
12177,3
12178,2
12181,5
12182,3
12188,3
12189,3
12191,3
12193,3
12197,3
12199,3
12202,3
12203,3
12206,4
12208,3
12209,1
12210,4
12213,3
12214,3
12216,3
12219,1
12222,2
12223,3
12225,3
12226,2
12227,1
12229,3
12230,3
12231,3
12232,4
12233,3
12234,4
12236,2
12237,3
12240,4
12241,3
12245,3
12246,3
12247,4
12250,2
12251,2
12252,4
12253,3
12255,3
12257,2
12258,2
12261,3
12263,3
12264,3
12265,3
12266,3
12267,3
12268,3
12270,2
12271,3
12275,3
12277,4
12278,2
12280,4
12281,1
12285,3
12286,3
12287,3
12288,3
12289,3
12290,3
12291,3
12292,1
12293,4
12294,3
12296,4
12298,3
12299,1
12300,3
12301,4
12302,3
12306,4
12308,4
12309,2
12310,3
12311,4
12312,3
12313,4
12315,3
12317,3
12319,3
12320,3
12321,3
12322,3
12323,5
12324,1
12327,4
12331,2
12332,3
12333,3
12334,2
12335,4
12337,3
12338,3
12340,3
12341,5
12342,2
12344,3
12345,3
12346,3
12349,4
12350,3
12351,3
12352,3
12353,3
12355,3
12356,3
12357,2
12359,3
12360,3
12361,1
12362,3
12364,3
12366,4
12367,4
12369,4
12371,3
12373,4
12374,1
12375,3
12376,2
12379,3
12380,5
12382,3
12383,2
12384,3
12385,5
12386,3
12388,2
12392,3
12394,2
12397,3
12398,3
12399,4
12405,2
12407,4
12408,4
12409,3
12411,2
12412,1
12413,3
12415,2
12416,3
12417,2
12419,2
12421,3
12423,1
12424,3
12426,4
12427,3
12430,2
12432,4
12434,1
12436,2
12437,2
12438,4
12440,3
12441,4
12444,3
12445,4
12449,3
12450,3
12452,4
12454,3
12455,2
12457,3
12458,3
12459,2
12460,4
12462,3
12464,4
12465,3
12466,5
12470,3
12473,5
12475,1
12476,3
12477,4
12478,3
12479,3
12480,4
12481,4
12482,4
12483,3
12484,1
12485,3
12486,3
12487,3
12489,3
12490,3
12491,2
12493,4
12495,5
12496,2
12497,3
12498,4
12501,4
12502,4
12503,3
12505,3
12506,3
12507,4
12509,3
12512,3
12513,3
12515,4
12516,3
12517,1
12518,3
12519,1
12520,4
12521,3
12522,4
12523,4
12524,3
12525,3
12527,3
12528,3
12531,1
12533,5
12534,3
12535,4
12537,3
12538,4
12539,3
12540,4
12541,3
12542,4
12543,1
12545,3
12546,4
12547,2
12548,3
12550,3
12551,4
12552,3
12553,2
12554,4
12556,3
12558,3
12560,3
12561,4
12562,3
12563,1
12566,2
12567,1
12569,3
12571,3
12573,3
12575,3
12576,4
12577,2
12578,2
12581,3
12582,2
12584,3
12586,4
12587,3
12588,3
12589,3
12591,3
12594,4
12596,3
12597,3
12598,3
12599,2
12601,3
12602,5
12603,1
12604,2
12607,3
12609,4
12610,3
12611,2
12613,3
12614,3
12615,1
12616,3
12617,4
12618,3
12619,3
12620,2
12622,3
12623,3
12624,3
12625,4
12626,3
12627,2
12628,3
12629,3
12632,3
12633,3
12636,3
12638,3
12640,4
12641,3
12642,1
12643,4
12646,2
12648,1
12649,2
12650,3
12651,1
12652,2
12654,4
12657,3
12658,1
12659,3
12662,4
12664,4
12665,4
12666,2
12669,3
12670,4
12671,4
12673,3
12675,3
12676,4
12677,3
12678,2
12682,3
12683,4
12686,3
12687,3
12688,3
12689,3
12690,3
12691,3
12692,2
12693,3
12694,3
12696,4
12697,3
12698,3
12700,2
12701,3
12702,3
12703,3
12704,3
12706,4
12707,3
12709,2
12710,4
12711,2
12712,3
12713,2
12714,1
12715,3
12716,4
12717,2
12718,2
12719,3
12720,4
12722,3
12723,3
12724,4
12732,2
12735,3
12736,3
12737,3
12740,4
12741,3
12743,2
12744,3
12745,4
12746,2
12749,3
12751,4
12752,2
12753,3
12755,1
12758,3
12762,2
12763,3
12764,3
12765,3
12766,2
12768,1
12770,3
12772,1
12774,3
12775,4
12776,3
12787,3
12788,1
12795,2
12796,3
12797,2
12802,3
12803,3
12804,2
12805,3
12810,5
12811,3
12812,4
12813,2
12816,2
12820,3
12821,1
12822,2
12824,3
12825,4
12827,3
12828,4
12829,3
12831,4
12833,3
12834,3
12836,2
12840,4
12842,2
12845,3
12846,2
12847,1
12848,1
12850,2
12852,1
12854,3
12855,4
12857,3
12860,3
12862,3
12863,4
12864,2
12866,4
12867,4
12869,4
12870,3
12873,3
12874,2
12875,3
12876,3
12878,2
12880,3
12881,5
12882,2
12883,2
12884,4
12885,3
12886,2
12890,4
12891,4
12892,2
12896,4
12897,3
12901,3
12902,2
12904,2
12905,3
12906,3
12908,3
12911,3
12912,1
12913,2
12915,1
12916,3
12917,3
12918,3
12923,3
12924,3
12925,3
12926,3
12927,4
12930,3
12931,3
12932,3
12934,5
12936,1
12937,1
12940,2
12941,1
12945,3
12948,2
12949,2
12950,3
12952,4
12953,3
12958,4
12962,3
12967,1
12968,4
12969,3
12970,2
12971,3
12972,1
12974,1
12975,3
12979,2
12981,3
12982,3
12983,4
12986,3
12987,1
12988,4
12989,3
12990,3
12991,2
12997,3
12998,4
12999,2
13000,3
13001,4
13003,3
13007,4
13008,2
13009,3
13011,3
13012,2
13013,3
13014,2
13015,4
13016,3
13020,2
13025,3
13027,2
13028,3
13029,3
13030,2
13031,3
13032,1
13033,3
13034,5
13036,3
13038,1
13041,6
13042,2
13044,3
13045,3
13046,4
13047,3
13048,3
13049,3
13052,4
13053,2
13057,3
13058,4
13060,3
13061,2
13062,3
13063,3
13064,3
13065,4
13066,2
13067,3
13068,2
13069,3
13070,2
13072,4
13075,4
13077,3
13079,4
13083,4
13084,3
13087,1
13091,2
13092,3
13093,3
13096,4
13098,1
13099,5
13100,3
13101,3
13104,2
13105,3
13107,3
13108,3
13110,4
13111,2
13112,2
13113,3
13116,3
13117,3
13118,5
13122,2
13123,3
13124,4
13126,2
13128,2
13131,5
13132,3
13133,4
13134,2
13136,3
13137,4
13139,4
13140,2
13143,4
13144,1
13145,2
13146,3
13147,2
13148,5
13149,3
13151,3
13152,2
13153,4
13154,4
13155,3
13156,3
13157,1
13162,4
13164,3
13165,4
13166,3
13167,4
13168,4
13169,2
13170,4
13171,3
13172,3
13173,2
13174,1
13175,3
13177,3
13178,2
13179,4
13181,2
13183,4
13184,5
13190,2
13191,1
13192,2
13195,3
13197,1
13198,4
13199,2
13202,1
13203,3
13204,4
13206,4
13207,3
13208,3
13211,3
13212,3
13214,3
13215,4
13217,3
13219,3
13221,1
13222,3
13223,4
13225,3
13226,4
13227,3
13228,4
13229,3
13230,3
13232,3
13234,3
13237,3
13241,3
13243,3
13244,2
13245,2
13246,3
13248,4
13249,2
13252,3
13254,3
13256,2
13257,3
13259,2
13264,2
13265,4
13266,3
13269,2
13271,3
13272,4
13273,3
13276,4
13278,1
13279,3
13280,2
13282,3
13283,4
13286,4
13287,2
13290,1
13291,1
13292,3
13298,3
13300,3
13302,3
13303,3
13304,1
13305,2
13307,3
13309,5
13310,3
13312,3
13313,3
13314,3
13316,1
13317,2
13319,3
13320,3
13322,2
13323,3
13325,2
13326,3
13328,4
13329,4
13330,2
13331,3
13333,3
13334,4
13335,3
13339,3
13340,4
13342,3
13347,3
13349,3
13350,3
13352,2
13353,4
13356,2
13357,4
13358,3
13359,4
13360,3
13361,3
13363,2
13364,2
13365,5
13366,3
13368,4
13369,3
13371,1
13372,2
13373,1
13378,3
13379,3
13381,1
13382,3
13383,1
13385,4
13388,2
13389,1
13390,3
13391,3
13392,1
13393,6
13394,2
13395,3
13397,4
13399,3
13401,2
13402,3
13403,3
13405,2
13406,3
13407,4
13408,3
13409,3
13410,2
13412,1
13413,3
13414,3
13416,5
13420,4
13421,3
13422,3
13423,3
13424,4
13425,3
13427,3
13428,2
13429,3
13430,1
13431,3
13433,1
13435,3
13436,3
13440,2
13441,1
13442,3
13444,3
13445,2
13446,3
13447,4
13448,3
13450,3
13451,3
13452,3
13453,5
13455,2
13457,3
13458,4
13459,2
13460,2
13461,3
13462,3
13463,1
13466,4
13467,3
13470,3
13471,3
13472,4
13474,2
13479,3
13480,3
13481,1
13482,6
13483,4
13484,1
13488,3
13489,3
13490,3
13491,4
13493,3
13495,3
13496,3
13497,2
13498,3
13499,3
13500,2
13501,4
13503,3
13506,3
13507,4
13508,2
13509,4
13510,4
13511,3
13512,4
13514,2
13515,4
13517,1
13518,1
13519,2
13520,3
13521,3
13523,3
13524,3
13526,2
13527,4
13528,1
13529,3
13530,3
13531,3
13533,1
13534,2
13536,3
13538,4
13539,4
13543,1
13546,2
13548,3
13549,4
13550,4
13552,2
13553,3
13554,2
13555,4
13556,3
13557,4
13559,3
13560,4
13561,4
13562,3
13563,2
13566,3
13569,5
13571,3
13572,4
13573,1
13574,4
13578,4
13579,4
13580,4
13581,4
13582,2
13586,3
13588,4
13589,3
13591,4
13592,3
13593,3
13594,3
13595,3
13597,4
13598,3
13599,3
13600,3
13603,3
13604,2
13605,5
13606,3
13607,2
13608,2
13611,3
13612,2
13614,2
13615,4
13616,1
13618,2
13620,1
13623,3
13624,2
13625,3
13628,1
13629,2
13630,3
13631,3
13633,3
13634,3
13635,4
13636,2
13637,3
13638,3
13639,2
13640,1
13641,4
13643,2
13645,1
13647,3
13648,3
13649,4
13651,3
13652,3
13653,3
13654,3
13655,2
13658,2
13660,4
13661,2
13663,4
13665,3
13666,3
13669,5
13671,1
13672,3
13675,3
13676,3
13678,2
13679,3
13680,3
13683,1
13684,3
13689,4
13691,3
13692,4
13693,2
13695,3
13696,3
13698,1
13700,4
13703,3
13704,2
13705,2
13706,3
13707,4
13708,3
13709,4
13710,3
13712,3
13713,3
13714,4
13715,2
13716,4
13718,2
13719,1
13720,2
13723,3
13725,2
13729,3
13730,3
13731,3
13733,4
13734,3
13735,3
13736,3
13737,3
13739,4
13740,3
13741,3
13742,1
13743,2
13746,4
13748,3
13749,1
13753,3
13755,4
13756,3
13760,3
13761,3
13763,2
13764,3
13765,3
13767,4
13768,2
1377,4
13770,3
13771,3
13773,3
13775,3
13777,4
13778,3
13779,2
1378,1
13780,1
13783,2
13786,4
13787,4
13790,3
13791,3
13792,2
13793,1
13795,3
13796,3
13798,1
13799,3
1380,5
13800,5
13801,3
13802,4
13803,3
13804,3
13807,4
13809,3
13815,3
13816,3
13817,1
13819,4
13820,3
13821,1
13823,1
13824,4
13826,3
13827,3
13828,3
13831,2
13835,5
13839,2
13840,4
13841,1
13842,4
13843,4
13845,3
13847,3
13848,3
13849,3
13851,3
13852,2
13853,2
13858,2
13859,3
13860,2
13861,4
13863,3
13865,3
13866,3
13867,3
13869,2
13872,3
13874,4
13878,2
13879,4
13880,4
13883,3
13884,3
13885,3
13886,2
13889,4
13893,4
13894,3
13896,2
13898,4
13899,3
1390,3
13901,4
13902,4
13904,1
13907,4
13908,1
13909,1
13910,3
13912,1
13914,3
13916,4
13918,3
13919,3
13920,2
13923,3
13924,4
13925,3
13926,3
13927,3
13928,3
13929,5
13930,3
13933,3
13936,1
13937,3
13939,2
13941,3
13942,3
13943,4
13947,2
13948,4
13949,2
13951,4
13952,3
13954,1
13955,4
13956,1
13958,3
13959,3
13961,3
13962,4
13963,3
13964,2
13966,3
13968,5
13969,4
13972,3
13974,1
13975,3
13976,4
13977,4
13979,2
13981,3
13982,3
13984,3
13985,2
13987,4
13989,4
13992,3
13993,4
13994,1
13997,3
13998,2
13999,2
14003,3
14004,2
14005,4
14006,1
14007,3
14008,3
14009,3
14010,3
14012,3
14013,3
14015,1
14016,3
14017,2
14019,3
1402,1
14021,3
14023,2
14025,1
14026,3
14027,2
14029,3
14031,4
14032,2
14035,2
14037,3
14038,2
14039,3
14040,3
14044,3
14045,4
14048,3
14050,1
14051,3
14053,1
14054,3
14055,3
14057,4
14058,4
14059,2
1406,4
14060,2
14061,3
14064,1
14065,3
14066,3
14069,3
14072,3
14075,3
14078,3
14079,4
14080,3
14081,2
14082,3
14085,3
14087,3
14089,2
1409,5
14092,4
14094,3
14095,1
14096,3
14098,2
14099,3
14101,3
14102,3
14103,3
14106,3
14107,3
14109,3
14113,3
14114,3
14118,3
14119,2
1412,3
14120,3
14121,3
14122,4
14125,3
14127,2
14128,3
14129,3
14130,2
14131,3
14132,3
14134,4
14135,5
14137,3
14138,3
14139,4
14140,1
14141,3
14142,3
14143,2
14144,4
14145,3
14148,3
14149,3
14154,3
14155,4
14156,4
14157,4
14159,3
14161,3
14162,3
14164,3
14165,3
14166,3
14167,2
14168,2
14170,4
14173,3
14174,4
14175,4
14176,3
14177,3
14178,3
14180,3
14182,3
14183,2
14184,3
14186,3
14191,3
14193,4
14194,3
14196,2
14197,4
14198,3
14200,3
14204,3
14205,5
14208,3
14211,2
14212,2
14213,3
14217,3
1422,1
14220,1
14222,4
14223,3
14224,2
14225,3
14226,3
14227,3
14231,2
14238,4
14240,3
14243,3
14244,1
14246,3
14247,3
14248,3
1425,3
14250,2
14252,2
14253,4
14254,3
14255,2
14256,3
14257,4
14259,2
14260,3
14262,4
14264,1
14265,1
14266,3
14267,3
14269,4
1427,4
14270,2
14271,1
14273,2
14275,3
14276,3
14277,4
14278,3
1428,1
14281,5
14282,2
14283,4
14286,3
14288,4
14289,1
1429,2
14292,3
14293,2
14294,4
14295,3
14296,3
14298,4
14300,1
14301,3
14302,2
14303,1
14307,3
14308,3
14309,2
14313,3
14316,2
14317,2
14319,3
14322,1
14323,3
14324,2
14333,4
14334,2
14336,4
14337,3
14339,3
14340,3
14342,3
14344,3
14345,3
14346,2
1435,2
14351,3
14354,2
14356,3
14357,3
14358,4
14359,4
14360,3
14361,3
14362,3
14363,3
14364,2
14365,3
14366,2
14367,4
14368,1
14369,2
14370,4
14373,3
14375,4
14377,3
14379,1
1438,2
14380,3
14381,2
14382,2
14383,3
14384,3
14386,4
14388,3
14389,2
14390,3
14391,1
14392,3
14395,3
14396,4
14397,2
14398,4
14400,1
14401,3
14403,3
14404,2
14405,3
14406,3
14408,3
14409,3
14410,3
14412,4
14414,2
14416,1
14417,3
14418,2
14419,4
14420,3
14422,2
14423,3
14425,3
14429,3
14432,4
14433,3
14436,3
14437,3
14439,5
14440,4
14442,2
14443,3
14444,4
14447,3
14448,3
14449,3
14450,2
14451,3
14452,3
14454,2
14455,1
14456,4
14458,1
14460,2
14461,3
14462,3
14464,3
14465,3
14466,3
14467,3
14469,3
14470,2
14471,4
14472,1
14473,3
14474,4
14476,3
14478,2
14479,3
14480,3
14485,3
14486,3
14487,3
14488,2
14489,4
14490,4
14491,4
14493,3
14496,4
14497,3
14499,5
14502,4
14505,2
14509,4
1451,1
14510,3
14512,3
14513,3
14514,4
14515,1
14516,4
14517,5
14520,3
14522,3
14527,3
1453,4
14531,3
14532,1
14533,3
14534,4
14535,4
14536,2
14538,3
1454,2
14541,4
14542,2
14543,4
14544,3
14546,1
14547,1
14549,3
14550,3
14553,2
14554,3
14556,3
14558,3
14559,3
14560,4
14561,4
14562,4
14563,2
14565,2
14566,2
14569,2
14575,3
14576,3
14577,2
14582,3
14584,2
14585,3
14586,3
14587,2
14588,3
14589,1
14591,2
14593,4
14596,4
14597,3
14598,2
14599,2
14600,3
14601,2
14603,1
14605,3
14606,3
14607,3
14608,5
1461,4
14614,4
14616,3
14617,2
14618,2
14619,3
1462,3
14622,2
14624,4
14625,3
14626,3
14627,3
14628,4
14629,2
1463,3
14630,3
14632,3
14633,3
14634,4
14635,1
14637,3
14638,2
1464,2
14640,4
14641,3
14643,3
14644,2
14646,1
14652,3
14656,3
14657,3
14658,3
14659,3
14661,3
14665,4
14666,3
14667,4
14668,3
14671,3
14672,2
14674,3
14675,3
14676,3
14677,3
14680,2
14681,2
14682,3
14684,1
14685,4
14687,3
14688,3
14689,3
14690,2
14691,1
14692,2
14693,3
14694,3
14697,3
14698,4
14699,4
14700,1
14702,4
14703,3
14704,4
14705,2
14706,3
14710,2
14711,2
14712,4
14713,3
14714,3
14715,1
14716,3
14722,2
14723,2
14726,1
14727,3
14728,1
14729,4
14732,1
14733,4
14735,3
14737,4
14739,1
14741,4
14742,2
14743,4
14744,3
14745,2
14747,5
14748,3
14750,3
14752,1
14753,3
14754,1
14755,4
14757,3
1476,2
14761,3
14762,2
14763,2
14766,3
14769,3
14770,5
14773,3
14775,3
14776,3
14777,3
14778,1
14779,2
14784,4
14787,3
14788,2
14789,3
14790,3
14793,3
14794,2
14796,4
14799,1
14800,3
14801,3
14802,3
14803,2
14806,3
14808,3
14809,2
14810,3
14811,3
14812,1
14813,3
14814,2
14815,3
14816,3
14817,2
14819,3
14824,1
14825,3
14827,2
14829,3
14831,3
14832,2
14833,3
14834,3
14835,3
14837,3
14839,3
14840,3
14842,1
14843,3
14844,3
14846,1
14848,4
14850,4
14851,1
14852,6
14855,3
14856,3
14857,3
14858,3
14859,5
14860,1
14861,3
14862,3
14863,3
14864,2
14865,3
14866,4
14867,3
14869,3
1487,3
14870,3
14872,3
14876,3
14879,3
14880,3
14881,3
14882,4
14883,4
14884,2
14885,5
14886,1
14890,3
14891,4
14894,3
14895,3
14898,3
14899,3
14900,3
14901,3
14902,2
14903,3
14904,2
14907,3
14908,3
14909,4
14910,3
14911,3
14912,4
14913,3
14915,3
14916,3
14917,3
14919,2
14920,3
14922,3
14923,4
14925,4
14926,3
14927,3
14928,4
14931,2
14933,4
14935,3
14936,3
14938,2
14940,4
14941,3
14942,3
14943,2
14944,2
14946,3
14947,4
14949,3
14950,4
14951,1
14952,3
14953,2
14955,3
14957,2
14958,3
14959,3
14961,4
14962,3
14964,3
14966,3
14967,1
14968,2
14970,1
14973,3
14976,3
14978,3
14979,3
1498,4
14981,3
14982,3
14984,3
14985,2
14986,3
14988,3
14989,2
14991,3
14993,3
14994,3
14995,2
14996,3
14997,3
14998,4
14999,3
15001,4
15003,1
15005,3
15006,3
15007,3
15008,3
15009,3
15010,3
15012,3
15013,3
15018,1
15019,4
15020,1
15021,3
15024,3
15025,3
15026,3
15027,1
15028,3
15029,3
15030,2
15032,3
15033,2
15036,3
15037,4
15038,3
15040,4
15043,4
15044,1
15047,1
15048,2
15051,1
15052,3
15053,1
15056,3
15059,3
15062,3
15063,3
15065,3
15066,4
15067,3
1507,3
15072,3
15073,3
15074,3
15079,2
15081,2
15084,3
15086,5
15087,3
15088,3
15089,3
15091,4
15092,2
15093,3
15094,2
15095,3
15096,3
15098,3
15099,1
15100,3
15104,1
15105,3
15107,1
15108,4
15110,3
15111,3
15116,2
15118,1
15119,3
1512,1
15120,1
15121,5
15122,2
15123,4
15128,3
15129,1
15132,3
15133,1
15134,1
15135,1
15136,3
15137,4
15139,1
15140,1
15141,2
15142,3
15143,3
15144,2
15145,2
15146,3
15148,3
15149,3
15150,3
15151,3
15152,3
15153,3
15155,3
15156,3
15159,2
15160,3
15161,2
15162,1
15163,3
15165,4
15166,4
15167,2
15168,3
15169,3
15170,2
15172,3
15174,1
15175,3
15177,1
15178,4
15179,3
1518,2
15180,2
15185,4
15187,4
15188,1
15189,3
15190,3
15191,4
15192,3
15194,3
15195,1
15196,2
15197,2
15198,1
15199,3
15201,3
15203,3
15204,3
15207,2
15208,3
15209,3
15211,3
15212,4
15213,1
15214,1
15215,4
15216,4
15223,3
15224,2
15226,3
15227,2
15228,2
15230,3
15232,3
15233,3
15237,3
15238,3
15239,3
15240,3
15245,5
15246,4
15247,4
15249,4
15250,2
15251,4
15252,1
15257,1
15258,1
15259,3
15261,2
15262,3
15263,5
15265,2
15266,3
15267,2
15268,3
15269,2
15270,4
15271,3
15272,4
15273,3
15274,2
15275,4
15277,1
15278,3
15279,2
15284,3
15285,3
15286,1
15288,3
15289,3
15290,2
15292,3
15293,1
15294,2
15296,3
15297,3
15298,3
15300,3
15304,2
15306,3
15307,3
15309,3
15310,2
15311,3
15313,4
15314,4
15315,4
15316,2
15317,3
15320,3
15321,2
15322,5
15323,3
15324,3
15325,4
15326,3
15327,1
15329,2
15330,3
15331,2
15334,4
15336,4
15337,2
15338,2
15339,3
15340,3
15341,4
15344,4
15347,4
15348,5
15350,3
15352,4
15354,3
15355,5
15356,2
15357,3
15358,3
15359,2
15360,1
15361,1
15362,4
15364,3
15365,4
15367,1
15372,1
15373,2
15374,3
15375,2
15377,3
15378,2
15379,1
15380,1
15381,3
15383,3
15386,4
15387,3
15388,3
15389,3
15392,3
15393,4
15395,4
15396,4
15397,2
15398,5
15401,3
15404,3
15405,2
15406,3
15408,4
15409,4
1541,1
15412,2
15416,1
15417,3
15418,2
15419,2
1542,3
15423,4
15424,2
15427,4
1543,3
15430,1
15433,3
15434,1
15435,3
15436,1
15438,3
15439,3
15440,2
15441,3
15442,3
15443,3
15444,3
15445,3
15446,1
15447,3
15449,3
15452,2
15453,5
15454,3
15458,3
15459,1
1546,4
15460,3
15461,4
15463,2
15464,3
15465,4
15467,3
15468,4
15469,3
15470,3
15471,2
15473,3
15475,3
15479,1
15480,3
15482,3
15483,4
15485,3
15486,3
15487,3
15488,3
15490,4
15492,2
15493,1
15495,3
15496,3
15498,4
15499,4
15500,3
15501,1
15502,2
15505,1
15506,2
15508,4
15509,1
1551,3
15510,3
15511,3
15513,2
15516,3
15517,1
15518,3
15519,3
15522,4
15523,2
15524,3
15525,3
15527,4
15533,4
15536,2
15537,4
15540,3
15541,4
15542,2
15544,4
15546,4
15548,4
15549,3
15552,3
15553,4
15556,2
15557,3
15558,4
15559,2
15560,4
15561,4
15562,4
15563,3
15564,2
15565,3
15569,3
15570,2
15571,4
15575,3
15577,2
15578,2
15579,3
15580,3
15581,3
15582,3
15583,3
15584,1
15586,3
15588,3
15589,4
15591,4
15594,4
15596,1
15597,3
15598,3
15600,4
15602,4
15603,3
15608,3
15610,4
1587,3
1588,4
1589,3
1590,1
1597,3
1602,3
1605,1
1608,1
1612,1
1615,4
1619,4
1620,2
1625,3
1631,4
1639,3
1642,4
1651,4
1653,3
1658,2
1662,1
1679,3
1682,4
1685,3
1688,2
1702,1
1704,4
1707,4
1726,2
1729,1
1733,1
1745,1
1755,3
1757,3
1761,1
1801,3
1810,3
1815,1
1825,3
1826,2
1829,2
1844,3
1873,5
1878,4
1898,4
1916,2
1923,3
1928,4
1937,4
1938,3
1957,3
1964,2
1971,1
1973,1
1982,4
1985,3
1990,3
2000,2
2007,1
2009,4
2013,2
2020,2
2021,2
2022,2
2023,5
2024,4
2026,1
2027,1
2029,1
2032,3
2033,3
2034,1
2035,3
2037,3
2039,3
2041,4
2044,2
2045,2
2046,3
2048,4
2051,4
2055,4
2059,4
2060,3
2061,1
2069,2
2070,1
2071,2
2072,5
2074,3
2075,4
2078,1
2080,3
2081,3
2089,3
2091,1
2092,3
2094,4
2095,2
2096,3
2102,1
2105,4
2107,3
2109,2
2110,3
2111,4
2115,4
2116,4
2117,3
2118,3
2119,4
2120,3
2122,3
2123,3
2125,2
2126,4
2131,3
2135,1
2137,4
2138,3
2141,4
2142,3
2143,3
2146,1
2148,3
2150,3
2151,4
2152,5
2153,3
2154,3
2155,3
2156,3
2157,1
2161,3
2162,1
2163,4
2169,4
2172,3
2173,2
2175,1
2176,2
2182,2
2185,2
2187,3
2188,5
2189,3
2192,3
2193,1
2202,1
2203,3
2204,2
2206,4
2208,3
2211,4
2212,3
2214,4
2217,4
2219,4
2221,4
2222,3
2224,3
2227,4
2228,3
2229,3
2231,2
2233,2
2234,4
2235,4
2236,4
2237,4
2238,3
2239,5
2240,1
2241,2
2242,1
2243,4
2245,4
2246,2
2248,3
2249,3
2251,3
2255,3
2258,2
2260,4
2261,2
2262,3
2265,2
2266,3
2268,2
2269,3
2272,3
2273,2
2276,3
2277,1
2278,2
2279,4
2280,3
2283,4
2284,1
2285,2
2287,3
2289,2
2290,4
2291,3
2293,2
2294,2
2295,2
2298,2
2299,5
2303,3
2306,4
2310,4
2311,3
2312,1
2313,2
2316,2
2317,4
2318,4
2322,1
2323,3
2324,3
2325,1
2326,2
2328,3
2329,4
2330,2
2331,2
2332,3
2333,5
2336,4
2341,2
2343,2
2345,2
2348,2
2349,1
2351,4
2352,1
2354,2
2355,2
2356,2
2358,3
2359,2
2363,1
2367,2
2369,3
2371,4
2373,2
2375,2
2376,4
2378,4
2380,3
2382,3
2384,1
2388,3
2393,4
2398,2
2402,3
2406,4
2408,3
2409,4
2410,3
2414,1
2418,3
2419,3
2421,2
2424,1
2427,2
2428,2
2429,3
2431,3
2432,3
2436,4
2437,3
2439,2
2440,1
2444,3
2445,4
2447,3
2448,3
2450,3
2452,2
2453,3
2454,3
2456,3
2458,3
2460,3
2464,3
2466,3
2469,4
2470,2
2477,2
2478,2
2479,2
2481,2
2482,1
2484,2
2486,3
2488,4
2490,3
2492,3
2493,4
2494,3
2495,1
2498,5
2500,2
2503,3
2504,3
2505,1
2506,2
2507,4
2509,2
2512,3
2514,4
2515,3
2516,3
2517,4
2518,2
2520,3
2522,6
2523,2
2527,2
2530,3
2535,1
2539,3
2540,3
2544,3
2545,3
2547,3
2551,2
2553,2
2554,2
2555,2
2556,3
2558,3
2559,4
2562,2
2565,3
2566,2
2567,2
2568,2
2572,1
2573,2
2574,2
2576,5
2578,3
2579,5
2580,2
2581,1
2583,2
2586,3
2587,4
2589,3
2590,3
2592,3
2594,1
2596,1
2598,4
2600,3
2601,3
2603,1
2605,3
2607,3
2612,4
2613,3
2614,4
2615,4
2616,3
2620,3
2621,2
2622,1
2623,4
2624,1
2627,1
2631,3
2632,4
2633,3
2638,5
2639,3
2642,3
2644,2
2645,2
2646,3
2649,3
2650,2
2652,2
2656,3
2657,2
2658,2
2662,4
2664,3
2665,4
2666,2
2667,2
2668,3
2671,4
2672,4
2673,1
2678,4
2679,4
2680,3
2681,3
2682,2
2684,3
2687,1
2688,4
2689,3
2690,3
2693,3
2694,4
2697,1
2698,3
2699,3
2700,3
2706,3
2708,3
2712,4
2713,2
2715,3
2716,4
2717,4
2718,3
2721,3
2722,3
2725,2
2726,4
2727,2
2729,3
2731,2
2733,3
2734,1
2735,2
2736,2
2737,4
2740,3
2741,4
2742,3
2743,2
2744,2
2746,2
2747,3
2749,3
2752,3
2754,3
2759,4
2760,3
2765,3
2766,2
2767,3
2768,4
2769,4
2771,2
2772,3
2773,3
2774,2
2775,4
2776,1
2777,3
2779,4
2780,4
2781,4
2782,4
2783,3
2784,2
2785,4
2786,2
2787,3
2788,4
2790,3
2798,4
2799,2
2801,2
2802,4
2805,4
2806,2
2807,2
2808,1
2810,3
2811,3
2812,3
2813,3
2815,3
2817,3
2818,4
2819,3
2823,3
2825,3
2826,4
2828,4
2829,4
2830,5
2834,4
2836,4
2838,3
2839,3
2841,3
2843,3
2844,5
2846,2
2847,3
2850,3
2853,1
2855,1
2856,3
2859,4
2861,3
2864,4
2865,3
2870,3
2871,1
2872,2
2875,3
2876,2
2879,5
2884,1
2886,3
2887,1
2888,3
2889,2
2890,2
2892,3
2893,2
2894,3
2895,4
2896,3
2897,4
2898,2
2899,3
2900,4
2901,3
2902,4
2903,3
2905,3
2906,3
2907,3
2908,2
2909,4
2912,4
2913,3
2914,3
2917,4
2918,2
2922,3
2923,1
2927,4
2928,3
2929,2
2933,1
2934,2
2937,1
2942,3
2946,3
2947,2
2948,2
2949,1
2952,4
2953,3
2954,2
2955,1
2956,3
2957,1
2958,4
2959,3
2961,4
2962,2
2964,2
2966,2
2969,4
2970,4
2971,3
2975,3
2976,2
2979,3
2982,3
2983,3
2984,3
2988,3
2989,4
2990,3
2991,3
2992,3
2993,3
2997,3
2998,2
2999,3
3000,2
3005,4
3006,3
3007,4
3008,4
3013,3
3016,4
3022,3
3023,3
3024,3
3026,1
3027,4
3028,4
3029,3
3030,4
3031,3
3032,5
3033,2
3034,3
3035,2
3036,3
3037,3
3039,3
3041,1
3042,3
3047,4
3048,1
3050,4
3053,4
3054,4
3055,1
3056,3
3058,3
3059,3
3060,3
3061,1
3062,3
3063,4
3064,3
3065,4
3066,1
3068,2
3069,2
3070,1
3071,3
3072,2
3073,2
3075,4
3076,3
3078,2
3079,1
3080,3
3081,1
3082,2
3085,5
3086,4
3091,3
3092,4
3093,3
3094,2
3095,3
3096,5
3097,3
3098,3
3103,4
3104,1
3105,4
3110,4
3112,3
3116,1
3118,4
3120,3
3121,4
3122,3
3123,2
3124,3
3128,3
3129,4
3130,1
3134,5
3137,3
3140,3
3141,3
3142,2
3144,3
3145,1
3146,2
3147,3
3148,3
3149,3
3151,3
3152,2
3154,3
3155,2
3156,1
3157,1
3158,3
3159,4
3160,2
3161,2
3163,2
3165,3
3167,3
3168,3
3169,4
3170,1
3171,4
3172,3
3173,3
3175,4
3178,3
3179,3
3180,2
3181,3
3183,1
3185,4
3187,3
3188,2
3189,2
3190,3
3191,3
3192,2
3193,2
3194,3
3196,2
3197,3
3198,3
3200,3
3202,1
3205,4
3206,3
3209,3
3210,3
3211,4
3213,4
3215,3
3216,4
3217,2
3219,1
3220,4
3224,4
3225,1
3227,1
3231,5
3232,3
3234,4
3237,3
3240,3
3241,3
3244,3
3245,2
3246,4
3250,3
3251,5
3258,4
3261,2
3262,3
3263,2
3269,4
3270,2
3271,4
3272,1
3277,3
3278,2
3279,4
3282,3
3283,2
3284,4
3285,2
3288,3
3295,3
3297,4
3299,2
3300,3
3301,2
3303,3
3305,3
3307,3
3308,3
3309,2
3310,3
3312,2
3313,2
3315,3
3316,4
3318,2
3320,4
3321,4
3324,3
3325,1
3327,3
3329,2
3330,2
3331,2
3334,3
3338,2
3341,3
3342,4
3343,3
3347,2
3349,5
3350,3
3353,1
3354,3
3356,2
3359,2
3362,4
3364,4
3365,4
3366,2
3367,4
3368,2
3369,2
3372,2
3373,4
3374,4
3376,2
3378,2
3379,3
3380,3
3381,3
3382,4
3383,4
3384,2
3386,1
3387,1
3388,1
3390,2
3395,1
3396,2
3398,4
3403,2
3405,3
3407,1
3408,4
3411,2
3413,4
3414,2
3415,2
3416,5
3418,3
3420,2
3421,4
3424,4
3425,1
3427,2
3429,2
3434,4
3436,4
3454,1
3455,3
3459,3
3461,3
3465,1
3469,3
3476,3
3478,4
3483,3
3484,3
3491,3
3497,1
3504,1
3507,3
3509,5
3510,3
3512,3
3515,4
3516,3
3522,4
3523,4
3524,3
3527,2
3530,3
3531,4
3532,2
3539,2
3540,3
3541,3
3542,3
3545,3
3554,3
3555,1
3558,4
3560,4
3562,4
3563,4
3577,3
3578,5
3579,3
3581,5
3585,3
3590,1
3592,3
3598,3
3601,4
3607,3
3609,4
3627,4
3630,1
3633,1
3636,4
3637,1
3639,2
3641,3
3643,4
3644,2
3646,5
3648,3
3649,1
3650,4
3654,1
3657,2
3658,3
3660,3
3662,4
3665,4
3667,3
3670,3
3673,3
3675,2
3676,3
3684,3
3687,1
3691,3
3694,4
3695,1
3696,3
3697,3
3698,3
3702,2
3704,2
3707,4
3709,1
3712,4
3713,3
3719,2
3722,1
3729,3
3734,4
3738,2
3739,3
3745,2
3750,2
3753,5
3754,4
3757,3
3759,4
3760,2
3764,1
3770,3
3772,2
3775,2
3780,3
3782,3
3789,2
3796,3
3797,4
3798,5
3800,3
3802,3
3803,4
3804,4
3805,4
3806,3
3809,4
3812,1
3815,3
3822,3
3823,1
3824,4
3825,1
3827,1
3828,2
3832,1
3839,2
3843,2
3844,2
3848,2
3849,2
3856,2
3858,3
3859,4
3864,3
3865,2
3866,2
3867,3
3877,3
3881,3
3891,3
3896,3
3906,3
3907,3
3913,1
3914,5
3915,3
3918,1
3921,4
3922,3
3925,3
3927,3
3929,3
3930,4
3933,3
3937,4
3940,4
3945,4
3968,4
3974,4
3977,1
3979,3
3980,3
3981,2
3985,2
3988,4
3995,4
3996,4
4001,3
4012,5
4014,3
4018,3
4020,5
4023,6
4024,4
4029,3
4034,3
4038,3
4050,2
4053,4
4054,2
4058,3
4064,1
4071,3
4075,3
4076,2
4098,2
4099,2
4114,3
4115,3
4117,1
4131,3
4133,2
4134,3
4140,3
4159,3
4168,3
4176,2
4177,3
4180,5
4184,2
4189,1
4201,3
4216,3
4223,2
4229,3
4241,3
4245,4
4252,4
4255,2
4264,3
4268,6
4269,1
4271,2
4280,2
4282,2
4300,4
4302,4
4309,4
4312,2
4313,4
4318,4
4319,3
4326,4
4328,2
4329,3
4330,3
4331,4
4332,1
4334,3
4339,3
4344,3
4350,4
4352,2
4355,4
4562,2
4563,2
4566,3
4567,3
4568,2
4569,3
4575,2
4576,3
4577,3
4580,3
4583,3
4586,1
4587,3
4588,3
4592,3
4595,2
4596,3
4598,5
4603,3
4604,2
4605,3
4607,3
4608,4
4609,3
4612,3
4613,3
4614,2
4615,4
4616,1
4617,3
4618,4
4619,4
4621,1
4622,3
4624,3
4625,4
4628,3
4629,3
4630,2
4631,1
4632,2
4633,3
4634,3
4636,3
4638,3
4639,4
4640,2
4641,3
4642,3
4643,3
4645,3
4646,1
4647,4
4651,3
4652,3
4654,3
4656,2
4657,4
4659,4
4660,4
4661,2
4663,3
4664,4
4665,1
4668,3
4669,2
4672,3
4674,3
4676,3
4679,4
4682,2
4683,3
4685,2
4686,3
4687,3
4688,2
4689,3
4691,3
4692,1
4694,3
4695,3
4696,3
4697,4
4699,2
4700,4
4702,3
4704,3
4705,1
4710,3
4712,3
4713,2
4714,2
4715,4
4716,3
4718,4
4720,3
4721,4
4722,1
4724,2
4725,4
4727,4
4728,4
4729,2
4730,3
4731,3
4732,2
4734,3
4735,3
4736,3
4737,2
4739,3
4740,3
4741,3
4742,4
4743,3
4744,4
4745,5
4750,2
4751,3
4753,4
4754,1
4758,4
4759,3
4760,4
4762,4
4763,3
4767,3
4768,5
4770,3
4772,3
4773,3
4774,4
4777,2
4778,2
4781,3
4782,4
4785,3
4786,3
4787,3
4789,2
4790,3
4792,1
4794,3
4795,3
4796,3
4797,2
4798,3
4799,4
4801,3
4803,2
4804,3
4805,3
4806,3
4807,3
4809,3
4813,2
4814,4
4815,3
4816,3
4817,3
4818,1
4819,3
4820,5
4821,3
4822,1
4823,2
4826,4
4828,2
4829,3
4833,5
4834,2
4836,1
4839,3
4841,3
4842,4
4844,2
4845,3
4846,4
4847,2
4848,3
4849,3
4850,3
4852,3
4855,5
4857,2
4859,4
4860,5
4861,3
4865,3
4866,4
4867,4
4868,3
4870,1
4871,2
4872,3
4873,2
4874,4
4876,4
4878,4
4880,3
4883,1
4884,3
4887,2
4889,3
4891,4
4894,3
4896,4
4897,3
4899,3
4900,4
4901,4
4904,3
4906,3
4907,2
4908,3
4909,2
4911,3
4912,3
4913,2
4914,3
4915,4
4916,4
4917,2
4918,3
4919,3
4920,3
4922,3
4923,3
4924,5
4925,3
4927,1
4928,2
4929,4
4930,3
4934,3
4936,3
4937,3
4939,4
4940,3
4944,4
4945,4
4947,3
4948,1
4949,3
4951,3
4952,3
4953,3
4954,3
4956,3
4958,2
4959,2
4960,3
4961,2
4962,4
4966,3
4969,3
4971,3
4972,2
4973,4
4974,4
4982,4
4984,4
4985,3
4986,2
4989,3
4992,3
4996,3
4999,3
5001,1
5003,5
5004,3
5005,2
5006,1
5008,3
5009,4
5010,3
5012,2
5013,4
5014,1
5015,3
5017,3
5019,2
5020,4
5021,3
5023,3
5024,4
5026,4
5027,3
5029,1
5030,4
5036,3
5038,5
5039,3
5040,1
5042,3
5045,1
5047,1
5048,4
5052,4
5053,3
5054,3
5056,4
5057,3
5060,4
5062,3
5063,4
5064,2
5067,2
5068,4
5070,1
5072,4
5073,4
5074,3
5075,3
5080,2
5081,3
5082,3
5084,4
5086,3
5087,3
5088,3
5089,4
5090,4
5091,1
5092,1
5094,3
5096,4
5097,2
5098,4
5101,4
5102,3
5103,2
5104,4
5105,3
5106,3
5107,3
5110,3
5111,3
5112,3
5113,4
5115,2
5117,1
5119,4
5120,2
5122,3
5123,3
5124,2
5128,1
5130,1
5131,3
5132,3
5134,3
5135,4
5136,3
5137,3
5139,3
5140,3
5141,1
5142,2
5144,3
5145,4
5146,4
5148,3
5149,1
5152,2
5154,2
5156,3
5158,3
5159,3
5161,2
5164,2
5166,4
5167,3
5170,3
5172,1
5174,3
5176,3
5179,3
5181,2
5182,2
5184,3
5187,1
5189,2
5191,3
5195,2
5197,3
5199,1
5200,5
5201,3
5202,4
5206,3
5207,3
5209,5
5210,2
5211,2
5212,3
5214,4
5215,4
5216,3
5219,3
5220,3
5221,4
5226,5
5227,3
5232,3
5234,3
5235,2
5236,2
5238,3
5239,2
5240,1
5241,4
5242,3
5243,1
5244,3
5245,2
5246,1
5249,3
5250,4
5252,2
5253,3
5254,2
5257,3
5258,3
5260,2
5263,2
5264,2
5265,4
5267,3
5268,3
5271,2
5273,5
5275,2
5276,1
5277,1
5278,2
5280,2
5281,3
5284,4
5285,3
5290,4
5291,3
5293,3
5294,4
5295,3
5297,3
5299,2
5300,4
5301,3
5302,3
5304,4
5305,4
5306,1
5307,3
5308,4
5309,2
5310,3
5311,3
5312,4
5313,3
5315,2
5316,2
5317,2
5320,3
5321,4
5322,3
5323,3
5325,4
5326,2
5327,2
5330,3
5331,4
5333,3
5335,1
5337,3
5338,2
5339,3
5340,1
5341,2
5342,3
5343,2
5344,3
5345,3
5346,1
5348,3
5349,3
5351,3
5352,3
5354,3
5355,4
5356,3
5359,3
5361,3
5363,3
5365,3
5366,1
5369,4
5370,3
5371,4
5372,2
5375,3
5376,4
5377,4
5380,3
5381,3
5382,3
5383,4
5385,3
5386,1
5390,1
5393,3
5394,3
5395,3
5397,3
5400,3
5401,3
5403,4
5405,3
5406,2
5408,1
5409,5
5411,4
5413,3
5414,2
5416,3
5418,3
5420,5
5421,3
5422,4
5423,4
5424,2
5425,4
5428,3
5429,3
5430,3
5432,3
5437,2
5438,4
5441,2
5442,1
5445,1
5446,2
5447,2
5449,2
5450,3
5453,2
5457,3
5458,3
5462,3
5464,3
5466,2
5469,4
5471,3
5472,2
5473,2
5475,2
5476,5
5480,3
5481,3
5482,1
5483,3
